{
    "2016-11": 44.386399420000004,
    "2016-12": 0,
    "2017-01": 0.47534399000000005,
    "2017-02": 127.68130427000001,
    "2017-03": 160.35006681000013,
    "2017-04": 222.16610687999997,
    "2017-05": 263.70838786000024,
    "2017-06": 0.7496889,
    "2017-07": 63.68877372000003,
    "2017-08": 157.6946517430001,
    "2017-09": 256.5239231400003,
    "2017-10": 268.75253463000007,
    "2017-11": 176.41730144999968,
    "2017-12": 159.37806329999998,
    "2018-01": 198.51263389999988
}