{
    "2016-11": 83.66759004,
    "2016-12": 139.90925102100013,
    "2017-01": 144.12999546000017,
    "2017-02": 136.41196616999994,
    "2017-03": 234.0502365699999,
    "2017-04": 256.9906494599999,
    "2017-05": 128.74614054999992,
    "2017-06": 129.99478028999994,
    "2017-07": 197.39158486300005,
    "2017-08": 266.3173778300007,
    "2017-09": 168.6455347600002,
    "2017-10": 192.9039031500003,
    "2017-11": 155.58067500000018,
    "2017-12": 165.4476406000001,
    "2018-01": 210.80748929999996
}
